digit,doubles_mean,doubles_std
0,11.57760210803689,2.395422522035161
1,0.2134387351778656,0.9760119743355397
2,4.820026350461133,2.935049114800045
3,3.9035573122529645,2.4994704037888162
4,8.074044795783927,2.5531604023551036
5,3.460079051383399,2.346791714404929
6,5.614229249011857,2.813351923173508
7,2.722266139657444,2.4672435591748085
8,7.763636363636364,2.8987745272324483
9,5.651119894598155,2.6212912939139117
