digit,doubles_mean,doubles_std
0,11.591965150048402,2.3991796982181457
1,0.2073014517506405,0.9385143576296371
2,4.823318170936078,2.9306732634173778
3,3.905079292116755,2.4844169703875725
4,8.06728880157171,2.5538196511310813
5,3.460079051383399,2.3467917144049295
6,5.602368866328257,2.8153596802801855
7,2.7484662576687118,2.4687343784457627
8,7.762736893920748,2.9026911887544724
9,5.66189111747851,2.6293308214926814
