digit,ink_mean,ink_std
0,34610.696442687746,8476.940849074586
1,15163.067720685112,4383.85710729483
2,29841.086429512517,7674.766153461387
3,28324.568115942027,7594.08249306655
4,24290.22371541502,6393.685593582351
5,25835.920421607378,7526.602988920305
6,27745.86113306983,7589.4681848644095
7,22943.149670619237,6162.540573766371
8,30223.160737812912,7740.196279371832
9,24555.456389986826,6470.70663967554
