digit,ink_mean,ink_std
0,34605.74255599473,8448.110856945808
1,15216.218445322793,4426.2071755002935
2,29807.50671936759,7622.435611746743
3,28293.9162055336,7601.786445080844
4,24233.733069828722,6351.75648082685
5,25835.920421607378,7526.6029889203055
6,27761.109354413704,7529.425251790286
7,22939.87378129117,6143.992067805742
8,30206.116996047433,7770.9834076868165
9,24508.963372859023,6451.229422513166
